{"cameraMode":{"drawMode":0,"name":"Shaded","section":"Shading Mode"},"sceneLighting":true,"audioPlay":false,"sceneViewState":{"showFog":true,"showMaterialUpdate":false,"showSkybox":true,"showFlares":true,"showImageEffects":true,"showParticleSystems":true},"in2DMode":false,"pivot":{"x":-1.9353902339935303,"y":2.523611068725586,"z":9.081201553344727},"rotation":{"x":0.5276562571525574,"y":-0.08379911631345749,"z":0.052409302443265918,"w":0.8436883091926575},"size":22.13831901550293,"orthographic":false}