{"cameraMode":{"drawMode":0,"name":"Shaded","section":"Shading Mode"},"sceneLighting":true,"audioPlay":false,"sceneViewState":{"showFog":true,"showMaterialUpdate":false,"showSkybox":true,"showFlares":true,"showImageEffects":true,"showParticleSystems":true},"in2DMode":false,"pivot":{"x":0.03594779968261719,"y":-2.047098159790039,"z":5.017614364624023},"rotation":{"x":-0.20464874804019929,"y":0.7164555191993713,"z":-0.2348925918340683,"w":-0.6242082715034485},"size":23.334524154663087,"orthographic":false}